Indicator,Economy,Year,Value
Carbon Dioxide Emissions,Brunei Darussalam,2016,7899200.0
Carbon Dioxide Emissions,Brunei Darussalam,2017,7871400.0
Carbon Dioxide Emissions,Brunei Darussalam,2018,8030100.0
Carbon Dioxide Emissions,Brunei Darussalam,2019,7603300.0
Carbon Dioxide Emissions,Brunei Darussalam,2020,9903700.0
Carbon Dioxide Emissions,Brunei Darussalam,2021,9746200.0
Carbon Dioxide Emissions,Brunei Darussalam,2022,9448500.0
Carbon Dioxide Emissions,Brunei Darussalam,2023,9716100.0
Carbon Dioxide Emissions,Brunei Darussalam,2024,0.0
Carbon Dioxide Emissions,Brunei Darussalam,2025,0.0
Carbon Dioxide Emissions,Cambodia,2016,10591100.0
Carbon Dioxide Emissions,Cambodia,2017,11848700.0
Carbon Dioxide Emissions,Cambodia,2018,12335900.0
Carbon Dioxide Emissions,Cambodia,2019,15855100.0
Carbon Dioxide Emissions,Cambodia,2020,16599800.0
Carbon Dioxide Emissions,Cambodia,2021,16777500.0
Carbon Dioxide Emissions,Cambodia,2022,17354500.0
Carbon Dioxide Emissions,Cambodia,2023,17970100.0
Carbon Dioxide Emissions,Cambodia,2024,0.0
Carbon Dioxide Emissions,Cambodia,2025,0.0
Carbon Dioxide Emissions,Indonesia,2016,507076800.0
Carbon Dioxide Emissions,Indonesia,2017,535717200.0
Carbon Dioxide Emissions,Indonesia,2018,597476700.0
Carbon Dioxide Emissions,Indonesia,2019,637310100.0
Carbon Dioxide Emissions,Indonesia,2020,594263400.0
Carbon Dioxide Emissions,Indonesia,2021,619327400.0
Carbon Dioxide Emissions,Indonesia,2022,656669200.0
Carbon Dioxide Emissions,Indonesia,2023,674535900.0
Carbon Dioxide Emissions,Indonesia,2024,0.0
Carbon Dioxide Emissions,Indonesia,2025,0.0
Carbon Dioxide Emissions,Lao People's Democratic Republic,2016,15870900.0
Carbon Dioxide Emissions,Lao People's Democratic Republic,2017,19244100.0
Carbon Dioxide Emissions,Lao People's Democratic Republic,2018,19862100.0
Carbon Dioxide Emissions,Lao People's Democratic Republic,2019,19369900.0
Carbon Dioxide Emissions,Lao People's Democratic Republic,2020,19437800.0
Carbon Dioxide Emissions,Lao People's Democratic Republic,2021,23816600.0
Carbon Dioxide Emissions,Lao People's Democratic Republic,2022,24550900.0
Carbon Dioxide Emissions,Lao People's Democratic Republic,2023,26020800.0
Carbon Dioxide Emissions,Lao People's Democratic Republic,2024,0.0
Carbon Dioxide Emissions,Lao People's Democratic Republic,2025,0.0
Carbon Dioxide Emissions,Malaysia,2016,247568300.0
Carbon Dioxide Emissions,Malaysia,2017,237864500.0
Carbon Dioxide Emissions,Malaysia,2018,254361200.0
Carbon Dioxide Emissions,Malaysia,2019,255207100.0
Carbon Dioxide Emissions,Malaysia,2020,253393400.0
Carbon Dioxide Emissions,Malaysia,2021,258914400.0
Carbon Dioxide Emissions,Malaysia,2022,274342400.0
Carbon Dioxide Emissions,Malaysia,2023,283323500.0
Carbon Dioxide Emissions,Malaysia,2024,0.0
Carbon Dioxide Emissions,Malaysia,2025,0.0
Carbon Dioxide Emissions,Myanmar,2016,22967300.0
Carbon Dioxide Emissions,Myanmar,2017,33734900.0
Carbon Dioxide Emissions,Myanmar,2018,33501900.0
Carbon Dioxide Emissions,Myanmar,2019,34372000.0
Carbon Dioxide Emissions,Myanmar,2020,34706100.0
Carbon Dioxide Emissions,Myanmar,2021,31826200.0
Carbon Dioxide Emissions,Myanmar,2022,32392500.0
Carbon Dioxide Emissions,Myanmar,2023,33368400.0
Carbon Dioxide Emissions,Myanmar,2024,0.0
Carbon Dioxide Emissions,Myanmar,2025,0.0
Carbon Dioxide Emissions,Philippines,2016,121273400.0
Carbon Dioxide Emissions,Philippines,2017,135622400.0
Carbon Dioxide Emissions,Philippines,2018,141312300.0
Carbon Dioxide Emissions,Philippines,2019,147897100.0
Carbon Dioxide Emissions,Philippines,2020,135800200.0
Carbon Dioxide Emissions,Philippines,2021,145586700.0
Carbon Dioxide Emissions,Philippines,2022,150638700.0
Carbon Dioxide Emissions,Philippines,2023,161288300.0
Carbon Dioxide Emissions,Philippines,2024,0.0
Carbon Dioxide Emissions,Philippines,2025,0.0
Carbon Dioxide Emissions,Singapore,2016,52983900.0
Carbon Dioxide Emissions,Singapore,2017,56897600.0
Carbon Dioxide Emissions,Singapore,2018,54225200.0
Carbon Dioxide Emissions,Singapore,2019,55902400.0
Carbon Dioxide Emissions,Singapore,2020,53879300.0
Carbon Dioxide Emissions,Singapore,2021,55689500.0
Carbon Dioxide Emissions,Singapore,2022,55757200.0
Carbon Dioxide Emissions,Singapore,2023,57068300.0
Carbon Dioxide Emissions,Singapore,2024,0.0
Carbon Dioxide Emissions,Singapore,2025,0.0
Carbon Dioxide Emissions,Thailand,2016,276007900.0
Carbon Dioxide Emissions,Thailand,2017,276939600.0
Carbon Dioxide Emissions,Thailand,2018,274585800.0
Carbon Dioxide Emissions,Thailand,2019,284439600.0
Carbon Dioxide Emissions,Thailand,2020,274439000.0
Carbon Dioxide Emissions,Thailand,2021,267491200.0
Carbon Dioxide Emissions,Thailand,2022,275868900.0
Carbon Dioxide Emissions,Thailand,2023,274160000.0
Carbon Dioxide Emissions,Thailand,2024,0.0
Carbon Dioxide Emissions,Thailand,2025,0.0
Carbon Dioxide Emissions,Timor-Leste,2016,660800.0
Carbon Dioxide Emissions,Timor-Leste,2017,688300.0
Carbon Dioxide Emissions,Timor-Leste,2018,680300.0
Carbon Dioxide Emissions,Timor-Leste,2019,654600.0
Carbon Dioxide Emissions,Timor-Leste,2020,649900.0
Carbon Dioxide Emissions,Timor-Leste,2021,665800.0
Carbon Dioxide Emissions,Timor-Leste,2022,712100.0
Carbon Dioxide Emissions,Timor-Leste,2023,702900.0
Carbon Dioxide Emissions,Timor-Leste,2024,0.0
Carbon Dioxide Emissions,Timor-Leste,2025,0.0
Carbon Dioxide Emissions,Viet Nam,2016,224454800.0
Carbon Dioxide Emissions,Viet Nam,2017,230403700.0
Carbon Dioxide Emissions,Viet Nam,2018,283860300.0
Carbon Dioxide Emissions,Viet Nam,2019,338946000.0
Carbon Dioxide Emissions,Viet Nam,2020,352063900.0
Carbon Dioxide Emissions,Viet Nam,2021,341105100.0
Carbon Dioxide Emissions,Viet Nam,2022,324900700.0
Carbon Dioxide Emissions,Viet Nam,2023,372948500.0
Carbon Dioxide Emissions,Viet Nam,2024,0.0
Carbon Dioxide Emissions,Viet Nam,2025,0.0
Deforestation Rate,Brunei Darussalam,2016,0.0
Deforestation Rate,Brunei Darussalam,2017,0.0
Deforestation Rate,Brunei Darussalam,2018,0.0
Deforestation Rate,Brunei Darussalam,2019,0.0
Deforestation Rate,Brunei Darussalam,2020,0.0
Deforestation Rate,Brunei Darussalam,2021,0.0
Deforestation Rate,Brunei Darussalam,2022,0.0
Deforestation Rate,Brunei Darussalam,2023,0.0
Deforestation Rate,Brunei Darussalam,2024,0.0
Deforestation Rate,Brunei Darussalam,2025,0.0
Deforestation Rate,Cambodia,2016,1.76
Deforestation Rate,Cambodia,2017,1.79
Deforestation Rate,Cambodia,2018,1.82
Deforestation Rate,Cambodia,2019,1.86
Deforestation Rate,Cambodia,2020,1.89
Deforestation Rate,Cambodia,2021,1.93
Deforestation Rate,Cambodia,2022,1.97
Deforestation Rate,Cambodia,2023,2.01
Deforestation Rate,Cambodia,2024,0.0
Deforestation Rate,Cambodia,2025,0.0
Deforestation Rate,Indonesia,2016,-0.26
Deforestation Rate,Indonesia,2017,1.39
Deforestation Rate,Indonesia,2018,0.64
Deforestation Rate,Indonesia,2019,0.65
Deforestation Rate,Indonesia,2020,0.65
Deforestation Rate,Indonesia,2021,0.66
Deforestation Rate,Indonesia,2022,0.66
Deforestation Rate,Indonesia,2023,0.67
Deforestation Rate,Indonesia,2024,0.0
Deforestation Rate,Indonesia,2025,0.0
Deforestation Rate,Lao People's Democratic Republic,2016,0.21
Deforestation Rate,Lao People's Democratic Republic,2017,0.21
Deforestation Rate,Lao People's Democratic Republic,2018,0.21
Deforestation Rate,Lao People's Democratic Republic,2019,0.21
Deforestation Rate,Lao People's Democratic Republic,2020,0.21
Deforestation Rate,Lao People's Democratic Republic,2021,0.21
Deforestation Rate,Lao People's Democratic Republic,2022,0.21
Deforestation Rate,Lao People's Democratic Republic,2023,0.21
Deforestation Rate,Lao People's Democratic Republic,2024,0.0
Deforestation Rate,Lao People's Democratic Republic,2025,0.0
Deforestation Rate,Malaysia,2016,0.77
Deforestation Rate,Malaysia,2017,0.26
Deforestation Rate,Malaysia,2018,0.26
Deforestation Rate,Malaysia,2019,0.26
Deforestation Rate,Malaysia,2020,0.26
Deforestation Rate,Malaysia,2021,0.26
Deforestation Rate,Malaysia,2022,0.26
Deforestation Rate,Malaysia,2023,0.26
Deforestation Rate,Malaysia,2024,0.0
Deforestation Rate,Malaysia,2025,0.0
Deforestation Rate,Myanmar,2016,0.97
Deforestation Rate,Myanmar,2017,0.98
Deforestation Rate,Myanmar,2018,0.98
Deforestation Rate,Myanmar,2019,0.99
Deforestation Rate,Myanmar,2020,1.0
Deforestation Rate,Myanmar,2021,1.01
Deforestation Rate,Myanmar,2022,1.03
Deforestation Rate,Myanmar,2023,1.04
Deforestation Rate,Myanmar,2024,0.0
Deforestation Rate,Myanmar,2025,0.0
Deforestation Rate,Philippines,2016,-0.5
Deforestation Rate,Philippines,2017,-0.49
Deforestation Rate,Philippines,2018,-0.49
Deforestation Rate,Philippines,2019,-0.49
Deforestation Rate,Philippines,2020,-0.49
Deforestation Rate,Philippines,2021,-0.49
Deforestation Rate,Philippines,2022,-0.48
Deforestation Rate,Philippines,2023,-0.48
Deforestation Rate,Philippines,2024,0.0
Deforestation Rate,Philippines,2025,0.0
Deforestation Rate,Singapore,2016,1.13
Deforestation Rate,Singapore,2017,1.08
Deforestation Rate,Singapore,2018,1.12
Deforestation Rate,Singapore,2019,1.13
Deforestation Rate,Singapore,2020,1.14
Deforestation Rate,Singapore,2021,1.16
Deforestation Rate,Singapore,2022,1.17
Deforestation Rate,Singapore,2023,1.18
Deforestation Rate,Singapore,2024,0.0
Deforestation Rate,Singapore,2025,0.0
Deforestation Rate,Thailand,2016,0.22
Deforestation Rate,Thailand,2017,0.18
Deforestation Rate,Thailand,2018,0.18
Deforestation Rate,Thailand,2019,0.18
Deforestation Rate,Thailand,2020,0.18
Deforestation Rate,Thailand,2021,0.18
Deforestation Rate,Thailand,2022,0.18
Deforestation Rate,Thailand,2023,0.18
Deforestation Rate,Thailand,2024,0.0
Deforestation Rate,Thailand,2025,0.0
Deforestation Rate,Timor-Leste,2016,0.15
Deforestation Rate,Timor-Leste,2017,0.12
Deforestation Rate,Timor-Leste,2018,0.18
Deforestation Rate,Timor-Leste,2019,0.15
Deforestation Rate,Timor-Leste,2020,0.15
Deforestation Rate,Timor-Leste,2021,0.15
Deforestation Rate,Timor-Leste,2022,0.15
Deforestation Rate,Timor-Leste,2023,0.15
Deforestation Rate,Timor-Leste,2024,0.0
Deforestation Rate,Timor-Leste,2025,0.0
Deforestation Rate,Viet Nam,2016,-2.25
Deforestation Rate,Viet Nam,2017,-0.26
Deforestation Rate,Viet Nam,2018,-0.53
Deforestation Rate,Viet Nam,2019,-0.52
Deforestation Rate,Viet Nam,2020,-0.52
Deforestation Rate,Viet Nam,2021,-0.52
Deforestation Rate,Viet Nam,2022,-0.52
Deforestation Rate,Viet Nam,2023,-0.51
Deforestation Rate,Viet Nam,2024,0.0
Deforestation Rate,Viet Nam,2025,0.0
Fossil-fuel Subsidies and GDP Proportion,Brunei Darussalam,2016,0.68
Fossil-fuel Subsidies and GDP Proportion,Brunei Darussalam,2017,1.22
Fossil-fuel Subsidies and GDP Proportion,Brunei Darussalam,2018,1.86
Fossil-fuel Subsidies and GDP Proportion,Brunei Darussalam,2019,1.2
Fossil-fuel Subsidies and GDP Proportion,Brunei Darussalam,2020,0.33
Fossil-fuel Subsidies and GDP Proportion,Brunei Darussalam,2021,2.12
Fossil-fuel Subsidies and GDP Proportion,Brunei Darussalam,2022,7.46
Fossil-fuel Subsidies and GDP Proportion,Brunei Darussalam,2023,2.85
Fossil-fuel Subsidies and GDP Proportion,Brunei Darussalam,2024,0.0
Fossil-fuel Subsidies and GDP Proportion,Brunei Darussalam,2025,0.0
Fossil-fuel Subsidies and GDP Proportion,Cambodia,2016,0.0
Fossil-fuel Subsidies and GDP Proportion,Cambodia,2017,0.0
Fossil-fuel Subsidies and GDP Proportion,Cambodia,2018,0.0
Fossil-fuel Subsidies and GDP Proportion,Cambodia,2019,0.31
Fossil-fuel Subsidies and GDP Proportion,Cambodia,2020,0.34
Fossil-fuel Subsidies and GDP Proportion,Cambodia,2021,0.29
Fossil-fuel Subsidies and GDP Proportion,Cambodia,2022,0.52
Fossil-fuel Subsidies and GDP Proportion,Cambodia,2023,0.0
Fossil-fuel Subsidies and GDP Proportion,Cambodia,2024,0.0
Fossil-fuel Subsidies and GDP Proportion,Cambodia,2025,0.0
Fossil-fuel Subsidies and GDP Proportion,Indonesia,2016,2.47
Fossil-fuel Subsidies and GDP Proportion,Indonesia,2017,2.41
Fossil-fuel Subsidies and GDP Proportion,Indonesia,2018,3.98
Fossil-fuel Subsidies and GDP Proportion,Indonesia,2019,2.43
Fossil-fuel Subsidies and GDP Proportion,Indonesia,2020,1.33
Fossil-fuel Subsidies and GDP Proportion,Indonesia,2021,2.7
Fossil-fuel Subsidies and GDP Proportion,Indonesia,2022,4.72
Fossil-fuel Subsidies and GDP Proportion,Indonesia,2023,3.0
Fossil-fuel Subsidies and GDP Proportion,Indonesia,2024,0.0
Fossil-fuel Subsidies and GDP Proportion,Indonesia,2025,0.0
Fossil-fuel Subsidies and GDP Proportion,Lao People's Democratic Republic,2016,0.0
Fossil-fuel Subsidies and GDP Proportion,Lao People's Democratic Republic,2017,0.22
Fossil-fuel Subsidies and GDP Proportion,Lao People's Democratic Republic,2018,0.35
Fossil-fuel Subsidies and GDP Proportion,Lao People's Democratic Republic,2019,0.44
Fossil-fuel Subsidies and GDP Proportion,Lao People's Democratic Republic,2020,0.49
Fossil-fuel Subsidies and GDP Proportion,Lao People's Democratic Republic,2021,0.54
Fossil-fuel Subsidies and GDP Proportion,Lao People's Democratic Republic,2022,0.54
Fossil-fuel Subsidies and GDP Proportion,Lao People's Democratic Republic,2023,0.0
Fossil-fuel Subsidies and GDP Proportion,Lao People's Democratic Republic,2024,0.0
Fossil-fuel Subsidies and GDP Proportion,Lao People's Democratic Republic,2025,0.0
Fossil-fuel Subsidies and GDP Proportion,Malaysia,2016,0.45
Fossil-fuel Subsidies and GDP Proportion,Malaysia,2017,0.57
Fossil-fuel Subsidies and GDP Proportion,Malaysia,2018,0.51
Fossil-fuel Subsidies and GDP Proportion,Malaysia,2019,0.46
Fossil-fuel Subsidies and GDP Proportion,Malaysia,2020,0.04
Fossil-fuel Subsidies and GDP Proportion,Malaysia,2021,0.66
Fossil-fuel Subsidies and GDP Proportion,Malaysia,2022,3.85
Fossil-fuel Subsidies and GDP Proportion,Malaysia,2023,1.59
Fossil-fuel Subsidies and GDP Proportion,Malaysia,2024,0.0
Fossil-fuel Subsidies and GDP Proportion,Malaysia,2025,0.0
Fossil-fuel Subsidies and GDP Proportion,Myanmar,2016,0.59
Fossil-fuel Subsidies and GDP Proportion,Myanmar,2017,1.15
Fossil-fuel Subsidies and GDP Proportion,Myanmar,2018,1.87
Fossil-fuel Subsidies and GDP Proportion,Myanmar,2019,0.99
Fossil-fuel Subsidies and GDP Proportion,Myanmar,2020,0.73
Fossil-fuel Subsidies and GDP Proportion,Myanmar,2021,0.85
Fossil-fuel Subsidies and GDP Proportion,Myanmar,2022,0.92
Fossil-fuel Subsidies and GDP Proportion,Myanmar,2023,0.0
Fossil-fuel Subsidies and GDP Proportion,Myanmar,2024,0.0
Fossil-fuel Subsidies and GDP Proportion,Myanmar,2025,0.0
Fossil-fuel Subsidies and GDP Proportion,Philippines,2016,-0.0
Fossil-fuel Subsidies and GDP Proportion,Philippines,2017,0.32
Fossil-fuel Subsidies and GDP Proportion,Philippines,2018,0.03
Fossil-fuel Subsidies and GDP Proportion,Philippines,2019,0.01
Fossil-fuel Subsidies and GDP Proportion,Philippines,2020,0.25
Fossil-fuel Subsidies and GDP Proportion,Philippines,2021,0.15
Fossil-fuel Subsidies and GDP Proportion,Philippines,2022,0.29
Fossil-fuel Subsidies and GDP Proportion,Philippines,2023,0.0
Fossil-fuel Subsidies and GDP Proportion,Philippines,2024,0.0
Fossil-fuel Subsidies and GDP Proportion,Philippines,2025,0.0
Fossil-fuel Subsidies and GDP Proportion,Singapore,2016,0.0
Fossil-fuel Subsidies and GDP Proportion,Singapore,2017,0.0
Fossil-fuel Subsidies and GDP Proportion,Singapore,2018,0.0
Fossil-fuel Subsidies and GDP Proportion,Singapore,2019,0.0
Fossil-fuel Subsidies and GDP Proportion,Singapore,2020,0.0
Fossil-fuel Subsidies and GDP Proportion,Singapore,2021,0.0
Fossil-fuel Subsidies and GDP Proportion,Singapore,2022,0.0
Fossil-fuel Subsidies and GDP Proportion,Singapore,2023,0.0
Fossil-fuel Subsidies and GDP Proportion,Singapore,2024,0.0
Fossil-fuel Subsidies and GDP Proportion,Singapore,2025,0.0
Fossil-fuel Subsidies and GDP Proportion,Thailand,2016,0.14
Fossil-fuel Subsidies and GDP Proportion,Thailand,2017,0.21
Fossil-fuel Subsidies and GDP Proportion,Thailand,2018,0.21
Fossil-fuel Subsidies and GDP Proportion,Thailand,2019,0.12
Fossil-fuel Subsidies and GDP Proportion,Thailand,2020,0.13
Fossil-fuel Subsidies and GDP Proportion,Thailand,2021,0.4
Fossil-fuel Subsidies and GDP Proportion,Thailand,2022,2.53
Fossil-fuel Subsidies and GDP Proportion,Thailand,2023,0.31
Fossil-fuel Subsidies and GDP Proportion,Thailand,2024,0.0
Fossil-fuel Subsidies and GDP Proportion,Thailand,2025,0.0
Fossil-fuel Subsidies and GDP Proportion,Timor-Leste,2016,0.0
Fossil-fuel Subsidies and GDP Proportion,Timor-Leste,2017,0.0
Fossil-fuel Subsidies and GDP Proportion,Timor-Leste,2018,0.0
Fossil-fuel Subsidies and GDP Proportion,Timor-Leste,2019,0.0
Fossil-fuel Subsidies and GDP Proportion,Timor-Leste,2020,0.0
Fossil-fuel Subsidies and GDP Proportion,Timor-Leste,2021,0.0
Fossil-fuel Subsidies and GDP Proportion,Timor-Leste,2022,0.0
Fossil-fuel Subsidies and GDP Proportion,Timor-Leste,2023,0.0
Fossil-fuel Subsidies and GDP Proportion,Timor-Leste,2024,0.0
Fossil-fuel Subsidies and GDP Proportion,Timor-Leste,2025,0.0
Fossil-fuel Subsidies and GDP Proportion,Viet Nam,2016,0.04
Fossil-fuel Subsidies and GDP Proportion,Viet Nam,2017,0.07
Fossil-fuel Subsidies and GDP Proportion,Viet Nam,2018,0.2
Fossil-fuel Subsidies and GDP Proportion,Viet Nam,2019,0.15
Fossil-fuel Subsidies and GDP Proportion,Viet Nam,2020,0.16
Fossil-fuel Subsidies and GDP Proportion,Viet Nam,2021,1.49
Fossil-fuel Subsidies and GDP Proportion,Viet Nam,2022,8.92
Fossil-fuel Subsidies and GDP Proportion,Viet Nam,2023,0.95
Fossil-fuel Subsidies and GDP Proportion,Viet Nam,2024,0.0
Fossil-fuel Subsidies and GDP Proportion,Viet Nam,2025,0.0
Growth Rates in Population,Brunei Darussalam,2016,1.18
Growth Rates in Population,Brunei Darussalam,2017,2.19
Growth Rates in Population,Brunei Darussalam,2018,2.39
Growth Rates in Population,Brunei Darussalam,2019,3.3
Growth Rates in Population,Brunei Darussalam,2020,-2.04
Growth Rates in Population,Brunei Darussalam,2021,-0.25
Growth Rates in Population,Brunei Darussalam,2022,1.06
Growth Rates in Population,Brunei Darussalam,2023,1.15
Growth Rates in Population,Brunei Darussalam,2024,1.11
Growth Rates in Population,Brunei Darussalam,2025,0.0
Growth Rates in Population,Cambodia,2016,1.41
Growth Rates in Population,Cambodia,2017,1.41
Growth Rates in Population,Cambodia,2018,1.41
Growth Rates in Population,Cambodia,2019,1.36
Growth Rates in Population,Cambodia,2020,1.36
Growth Rates in Population,Cambodia,2021,1.5
Growth Rates in Population,Cambodia,2022,1.5
Growth Rates in Population,Cambodia,2023,1.5
Growth Rates in Population,Cambodia,2024,1.2
Growth Rates in Population,Cambodia,2025,0.0
Growth Rates in Population,Indonesia,2016,1.36
Growth Rates in Population,Indonesia,2017,1.34
Growth Rates in Population,Indonesia,2018,1.33
Growth Rates in Population,Indonesia,2019,1.31
Growth Rates in Population,Indonesia,2020,1.25
Growth Rates in Population,Indonesia,2021,1.22
Growth Rates in Population,Indonesia,2022,1.17
Growth Rates in Population,Indonesia,2023,1.13
Growth Rates in Population,Indonesia,2024,1.11
Growth Rates in Population,Indonesia,2025,0.0
Growth Rates in Population,Lao People's Democratic Republic,2016,0.0
Growth Rates in Population,Lao People's Democratic Republic,2017,1.68
Growth Rates in Population,Lao People's Democratic Republic,2018,1.62
Growth Rates in Population,Lao People's Democratic Republic,2019,1.57
Growth Rates in Population,Lao People's Democratic Republic,2020,1.52
Growth Rates in Population,Lao People's Democratic Republic,2021,1.48
Growth Rates in Population,Lao People's Democratic Republic,2022,1.43
Growth Rates in Population,Lao People's Democratic Republic,2023,1.44
Growth Rates in Population,Lao People's Democratic Republic,2024,1.28
Growth Rates in Population,Lao People's Democratic Republic,2025,0.0
Growth Rates in Population,Malaysia,2016,1.4
Growth Rates in Population,Malaysia,2017,1.2
Growth Rates in Population,Malaysia,2018,1.1
Growth Rates in Population,Malaysia,2019,0.4
Growth Rates in Population,Malaysia,2020,-0.2
Growth Rates in Population,Malaysia,2021,0.4
Growth Rates in Population,Malaysia,2022,0.4
Growth Rates in Population,Malaysia,2023,2.1
Growth Rates in Population,Malaysia,2024,1.98
Growth Rates in Population,Malaysia,2025,0.0
Growth Rates in Population,Myanmar,2016,0.8
Growth Rates in Population,Myanmar,2017,0.74
Growth Rates in Population,Myanmar,2018,0.7
Growth Rates in Population,Myanmar,2019,0.7
Growth Rates in Population,Myanmar,2020,0.72
Growth Rates in Population,Myanmar,2021,0.67
Growth Rates in Population,Myanmar,2022,0.71
Growth Rates in Population,Myanmar,2023,0.69
Growth Rates in Population,Myanmar,2024,0.66
Growth Rates in Population,Myanmar,2025,0.0
Growth Rates in Population,Philippines,2016,1.68
Growth Rates in Population,Philippines,2017,1.6
Growth Rates in Population,Philippines,2018,1.52
Growth Rates in Population,Philippines,2019,1.46
Growth Rates in Population,Philippines,2020,0.0
Growth Rates in Population,Philippines,2021,0.8
Growth Rates in Population,Philippines,2022,0.78
Growth Rates in Population,Philippines,2023,0.88
Growth Rates in Population,Philippines,2024,0.88
Growth Rates in Population,Philippines,2025,0.0
Growth Rates in Population,Singapore,2016,1.3
Growth Rates in Population,Singapore,2017,0.1
Growth Rates in Population,Singapore,2018,0.5
Growth Rates in Population,Singapore,2019,1.2
Growth Rates in Population,Singapore,2020,-0.3
Growth Rates in Population,Singapore,2021,-4.1
Growth Rates in Population,Singapore,2022,3.4
Growth Rates in Population,Singapore,2023,5.0
Growth Rates in Population,Singapore,2024,2.0
Growth Rates in Population,Singapore,2025,0.0
Growth Rates in Population,Thailand,2016,0.39
Growth Rates in Population,Thailand,2017,0.94
Growth Rates in Population,Thailand,2018,0.32
Growth Rates in Population,Thailand,2019,0.3
Growth Rates in Population,Thailand,2020,0.28
Growth Rates in Population,Thailand,2021,0.26
Growth Rates in Population,Thailand,2022,0.23
Growth Rates in Population,Thailand,2023,0.21
Growth Rates in Population,Thailand,2024,0.25
Growth Rates in Population,Thailand,2025,0.0
Growth Rates in Population,Timor-Leste,2016,1.55
Growth Rates in Population,Timor-Leste,2017,1.52
Growth Rates in Population,Timor-Leste,2018,1.5
Growth Rates in Population,Timor-Leste,2019,1.47
Growth Rates in Population,Timor-Leste,2020,1.53
Growth Rates in Population,Timor-Leste,2021,1.61
Growth Rates in Population,Timor-Leste,2022,1.48
Growth Rates in Population,Timor-Leste,2023,1.5
Growth Rates in Population,Timor-Leste,2024,2.94
Growth Rates in Population,Timor-Leste,2025,0.0
Growth Rates in Population,Viet Nam,2016,1.11
Growth Rates in Population,Viet Nam,2017,1.11
Growth Rates in Population,Viet Nam,2018,1.17
Growth Rates in Population,Viet Nam,2019,1.15
Growth Rates in Population,Viet Nam,2020,1.14
Growth Rates in Population,Viet Nam,2021,0.95
Growth Rates in Population,Viet Nam,2022,0.98
Growth Rates in Population,Viet Nam,2023,0.85
Growth Rates in Population,Viet Nam,2024,1.03
Growth Rates in Population,Viet Nam,2025,0.0
Population Density,Brunei Darussalam,2016,72.38
Population Density,Brunei Darussalam,2017,73.96
Population Density,Brunei Darussalam,2018,75.73
Population Density,Brunei Darussalam,2019,78.23
Population Density,Brunei Darussalam,2020,76.63
Population Density,Brunei Darussalam,2021,76.45
Population Density,Brunei Darussalam,2022,77.26
Population Density,Brunei Darussalam,2023,78.14
Population Density,Brunei Darussalam,2024,79.01
Population Density,Brunei Darussalam,2025,0.0
Population Density,Cambodia,2016,84.53
Population Density,Cambodia,2017,85.72
Population Density,Cambodia,2018,86.93
Population Density,Cambodia,2019,88.15
Population Density,Cambodia,2020,89.37
Population Density,Cambodia,2021,91.65
Population Density,Cambodia,2022,92.0
Population Density,Cambodia,2023,96.0
Population Density,Cambodia,2024,97.0
Population Density,Cambodia,2025,0.0
Population Density,Indonesia,2016,135.19
Population Density,Indonesia,2017,137.0
Population Density,Indonesia,2018,138.0
Population Density,Indonesia,2019,140.1
Population Density,Indonesia,2020,141.0
Population Density,Indonesia,2021,142.0
Population Density,Indonesia,2022,144.0
Population Density,Indonesia,2023,147.0
Population Density,Indonesia,2024,149.0
Population Density,Indonesia,2025,0.0
Population Density,Lao People's Democratic Republic,2016,29.41
Population Density,Lao People's Democratic Republic,2017,29.9
Population Density,Lao People's Democratic Republic,2018,30.39
Population Density,Lao People's Democratic Republic,2019,30.86
Population Density,Lao People's Democratic Republic,2020,31.33
Population Density,Lao People's Democratic Republic,2021,31.79
Population Density,Lao People's Democratic Republic,2022,32.25
Population Density,Lao People's Democratic Republic,2023,32.71
Population Density,Lao People's Democratic Republic,2024,33.13
Population Density,Lao People's Democratic Republic,2025,0.0
Population Density,Malaysia,2016,95.53
Population Density,Malaysia,2017,96.74
Population Density,Malaysia,2018,97.94
Population Density,Malaysia,2019,98.32
Population Density,Malaysia,2020,98.1
Population Density,Malaysia,2021,99.0
Population Density,Malaysia,2022,98.7
Population Density,Malaysia,2023,101.0
Population Density,Malaysia,2024,103.0
Population Density,Malaysia,2025,0.0
Population Density,Myanmar,2016,78.83
Population Density,Myanmar,2017,79.44
Population Density,Myanmar,2018,80.01
Population Density,Myanmar,2019,80.58
Population Density,Myanmar,2020,81.15
Population Density,Myanmar,2021,81.72
Population Density,Myanmar,2022,82.29
Population Density,Myanmar,2023,82.86
Population Density,Myanmar,2024,83.42
Population Density,Myanmar,2025,0.0
Population Density,Philippines,2016,341.77
Population Density,Philippines,2017,347.23
Population Density,Philippines,2018,352.52
Population Density,Philippines,2019,357.67
Population Density,Philippines,2020,362.67
Population Density,Philippines,2021,367.33
Population Density,Philippines,2022,371.91
Population Density,Philippines,2023,376.31
Population Density,Philippines,2024,376.0
Population Density,Philippines,2025,0.0
Population Density,Singapore,2016,7797.0
Population Density,Singapore,2017,7796.0
Population Density,Singapore,2018,7804.0
Population Density,Singapore,2019,7866.0
Population Density,Singapore,2020,7810.0
Population Density,Singapore,2021,7485.0
Population Density,Singapore,2022,7688.0
Population Density,Singapore,2023,8058.0
Population Density,Singapore,2024,8207.0
Population Density,Singapore,2025,0.0
Population Density,Thailand,2016,133.0
Population Density,Thailand,2017,134.25
Population Density,Thailand,2018,134.68
Population Density,Thailand,2019,135.09
Population Density,Thailand,2020,135.46
Population Density,Thailand,2021,135.81
Population Density,Thailand,2022,136.13
Population Density,Thailand,2023,136.5
Population Density,Thailand,2024,136.84
Population Density,Thailand,2025,0.0
Population Density,Timor-Leste,2016,81.91
Population Density,Timor-Leste,2017,83.16
Population Density,Timor-Leste,2018,84.4
Population Density,Timor-Leste,2019,85.65
Population Density,Timor-Leste,2020,86.96
Population Density,Timor-Leste,2021,88.36
Population Density,Timor-Leste,2022,89.66
Population Density,Timor-Leste,2023,91.01
Population Density,Timor-Leste,2024,93.69
Population Density,Timor-Leste,2025,0.0
Population Density,Viet Nam,2016,281.53
Population Density,Viet Nam,2017,284.65
Population Density,Viet Nam,2018,287.97
Population Density,Viet Nam,2019,290.83
Population Density,Viet Nam,2020,295.0
Population Density,Viet Nam,2021,297.39
Population Density,Viet Nam,2022,300.0
Population Density,Viet Nam,2023,302.75
Population Density,Viet Nam,2024,305.86
Population Density,Viet Nam,2025,0.0
Temperature Change,Brunei Darussalam,2016,1.54
Temperature Change,Brunei Darussalam,2017,1.16
Temperature Change,Brunei Darussalam,2018,1.08
Temperature Change,Brunei Darussalam,2019,1.38
Temperature Change,Brunei Darussalam,2020,1.38
Temperature Change,Brunei Darussalam,2021,1.07
Temperature Change,Brunei Darussalam,2022,1.08
Temperature Change,Brunei Darussalam,2023,1.16
Temperature Change,Brunei Darussalam,2024,1.59
Temperature Change,Brunei Darussalam,2025,0.0
Temperature Change,Cambodia,2016,1.4
Temperature Change,Cambodia,2017,1.07
Temperature Change,Cambodia,2018,0.79
Temperature Change,Cambodia,2019,1.55
Temperature Change,Cambodia,2020,1.42
Temperature Change,Cambodia,2021,0.92
Temperature Change,Cambodia,2022,0.97
Temperature Change,Cambodia,2023,1.38
Temperature Change,Cambodia,2024,2.06
Temperature Change,Cambodia,2025,0.0
Temperature Change,Indonesia,2016,1.41
Temperature Change,Indonesia,2017,0.96
Temperature Change,Indonesia,2018,0.88
Temperature Change,Indonesia,2019,1.04
Temperature Change,Indonesia,2020,1.23
Temperature Change,Indonesia,2021,1.02
Temperature Change,Indonesia,2022,0.97
Temperature Change,Indonesia,2023,1.1
Temperature Change,Indonesia,2024,1.47
Temperature Change,Indonesia,2025,0.0
Temperature Change,Lao People's Democratic Republic,2016,1.26
Temperature Change,Lao People's Democratic Republic,2017,1.04
Temperature Change,Lao People's Democratic Republic,2018,0.75
Temperature Change,Lao People's Democratic Republic,2019,1.98
Temperature Change,Lao People's Democratic Republic,2020,1.53
Temperature Change,Lao People's Democratic Republic,2021,1.08
Temperature Change,Lao People's Democratic Republic,2022,0.9
Temperature Change,Lao People's Democratic Republic,2023,1.5
Temperature Change,Lao People's Democratic Republic,2024,2.03
Temperature Change,Lao People's Democratic Republic,2025,0.0
Temperature Change,Malaysia,2016,1.56
Temperature Change,Malaysia,2017,1.09
Temperature Change,Malaysia,2018,1.13
Temperature Change,Malaysia,2019,1.42
Temperature Change,Malaysia,2020,1.36
Temperature Change,Malaysia,2021,1.18
Temperature Change,Malaysia,2022,1.09
Temperature Change,Malaysia,2023,1.22
Temperature Change,Malaysia,2024,1.61
Temperature Change,Malaysia,2025,0.0
Temperature Change,Myanmar,2016,1.35
Temperature Change,Myanmar,2017,1.25
Temperature Change,Myanmar,2018,0.96
Temperature Change,Myanmar,2019,1.63
Temperature Change,Myanmar,2020,1.59
Temperature Change,Myanmar,2021,1.64
Temperature Change,Myanmar,2022,1.35
Temperature Change,Myanmar,2023,1.74
Temperature Change,Myanmar,2024,1.96
Temperature Change,Myanmar,2025,0.0
Temperature Change,Philippines,2016,1.57
Temperature Change,Philippines,2017,1.19
Temperature Change,Philippines,2018,1.23
Temperature Change,Philippines,2019,1.3
Temperature Change,Philippines,2020,1.45
Temperature Change,Philippines,2021,1.31
Temperature Change,Philippines,2022,1.27
Temperature Change,Philippines,2023,1.44
Temperature Change,Philippines,2024,1.54
Temperature Change,Philippines,2025,0.0
Temperature Change,Singapore,2016,1.4
Temperature Change,Singapore,2017,0.76
Temperature Change,Singapore,2018,1.03
Temperature Change,Singapore,2019,1.6
Temperature Change,Singapore,2020,1.02
Temperature Change,Singapore,2021,1.24
Temperature Change,Singapore,2022,0.98
Temperature Change,Singapore,2023,1.29
Temperature Change,Singapore,2024,1.63
Temperature Change,Singapore,2025,0.0
Temperature Change,Thailand,2016,1.43
Temperature Change,Thailand,2017,1.01
Temperature Change,Thailand,2018,0.77
Temperature Change,Thailand,2019,1.67
Temperature Change,Thailand,2020,1.45
Temperature Change,Thailand,2021,0.98
Temperature Change,Thailand,2022,0.87
Temperature Change,Thailand,2023,1.39
Temperature Change,Thailand,2024,1.98
Temperature Change,Thailand,2025,0.0
Temperature Change,Timor-Leste,2016,1.5
Temperature Change,Timor-Leste,2017,0.82
Temperature Change,Timor-Leste,2018,0.39
Temperature Change,Timor-Leste,2019,0.52
Temperature Change,Timor-Leste,2020,1.36
Temperature Change,Timor-Leste,2021,0.77
Temperature Change,Timor-Leste,2022,0.62
Temperature Change,Timor-Leste,2023,0.3
Temperature Change,Timor-Leste,2024,1.11
Temperature Change,Timor-Leste,2025,0.0
Temperature Change,Viet Nam,2016,1.22
Temperature Change,Viet Nam,2017,1.19
Temperature Change,Viet Nam,2018,0.88
Temperature Change,Viet Nam,2019,1.86
Temperature Change,Viet Nam,2020,1.58
Temperature Change,Viet Nam,2021,1.2
Temperature Change,Viet Nam,2022,1.12
Temperature Change,Viet Nam,2023,1.52
Temperature Change,Viet Nam,2024,2.04
Temperature Change,Viet Nam,2025,0.0
Total Greenhouse Gas Emissions,Brunei Darussalam,2016,10232100.0
Total Greenhouse Gas Emissions,Brunei Darussalam,2017,10229500.0
Total Greenhouse Gas Emissions,Brunei Darussalam,2018,10457900.0
Total Greenhouse Gas Emissions,Brunei Darussalam,2019,10126700.0
Total Greenhouse Gas Emissions,Brunei Darussalam,2020,12574000.0
Total Greenhouse Gas Emissions,Brunei Darussalam,2021,12332300.0
Total Greenhouse Gas Emissions,Brunei Darussalam,2022,11887300.0
Total Greenhouse Gas Emissions,Brunei Darussalam,2023,12157900.0
Total Greenhouse Gas Emissions,Brunei Darussalam,2024,0.0
Total Greenhouse Gas Emissions,Brunei Darussalam,2025,0.0
Total Greenhouse Gas Emissions,Cambodia,2016,39489800.0
Total Greenhouse Gas Emissions,Cambodia,2017,41401700.0
Total Greenhouse Gas Emissions,Cambodia,2018,42257900.0
Total Greenhouse Gas Emissions,Cambodia,2019,45772200.0
Total Greenhouse Gas Emissions,Cambodia,2020,46509400.0
Total Greenhouse Gas Emissions,Cambodia,2021,48160900.0
Total Greenhouse Gas Emissions,Cambodia,2022,47599100.0
Total Greenhouse Gas Emissions,Cambodia,2023,48774800.0
Total Greenhouse Gas Emissions,Cambodia,2024,0.0
Total Greenhouse Gas Emissions,Cambodia,2025,0.0
Total Greenhouse Gas Emissions,Indonesia,2016,902771400.0
Total Greenhouse Gas Emissions,Indonesia,2017,957373100.0
Total Greenhouse Gas Emissions,Indonesia,2018,1055339000.0
Total Greenhouse Gas Emissions,Indonesia,2019,1108777700.0
Total Greenhouse Gas Emissions,Indonesia,2020,1050339200.0
Total Greenhouse Gas Emissions,Indonesia,2021,1077077800.0
Total Greenhouse Gas Emissions,Indonesia,2022,1152726000.0
Total Greenhouse Gas Emissions,Indonesia,2023,1200199800.0
Total Greenhouse Gas Emissions,Indonesia,2024,0.0
Total Greenhouse Gas Emissions,Indonesia,2025,0.0
Total Greenhouse Gas Emissions,Lao People's Democratic Republic,2016,30062200.0
Total Greenhouse Gas Emissions,Lao People's Democratic Republic,2017,33416700.0
Total Greenhouse Gas Emissions,Lao People's Democratic Republic,2018,33976900.0
Total Greenhouse Gas Emissions,Lao People's Democratic Republic,2019,33695400.0
Total Greenhouse Gas Emissions,Lao People's Democratic Republic,2020,34479200.0
Total Greenhouse Gas Emissions,Lao People's Democratic Republic,2021,38793800.0
Total Greenhouse Gas Emissions,Lao People's Democratic Republic,2022,40075000.0
Total Greenhouse Gas Emissions,Lao People's Democratic Republic,2023,42056200.0
Total Greenhouse Gas Emissions,Lao People's Democratic Republic,2024,0.0
Total Greenhouse Gas Emissions,Lao People's Democratic Republic,2025,0.0
Total Greenhouse Gas Emissions,Malaysia,2016,292446300.0
Total Greenhouse Gas Emissions,Malaysia,2017,280582400.0
Total Greenhouse Gas Emissions,Malaysia,2018,297037800.0
Total Greenhouse Gas Emissions,Malaysia,2019,297886800.0
Total Greenhouse Gas Emissions,Malaysia,2020,294666400.0
Total Greenhouse Gas Emissions,Malaysia,2021,299786500.0
Total Greenhouse Gas Emissions,Malaysia,2022,315788500.0
Total Greenhouse Gas Emissions,Malaysia,2023,325405800.0
Total Greenhouse Gas Emissions,Malaysia,2024,0.0
Total Greenhouse Gas Emissions,Malaysia,2025,0.0
Total Greenhouse Gas Emissions,Myanmar,2016,127360100.0
Total Greenhouse Gas Emissions,Myanmar,2017,143381700.0
Total Greenhouse Gas Emissions,Myanmar,2018,119652200.0
Total Greenhouse Gas Emissions,Myanmar,2019,119785900.0
Total Greenhouse Gas Emissions,Myanmar,2020,121139500.0
Total Greenhouse Gas Emissions,Myanmar,2021,119210100.0
Total Greenhouse Gas Emissions,Myanmar,2022,118337600.0
Total Greenhouse Gas Emissions,Myanmar,2023,115077300.0
Total Greenhouse Gas Emissions,Myanmar,2024,0.0
Total Greenhouse Gas Emissions,Myanmar,2025,0.0
Total Greenhouse Gas Emissions,Philippines,2016,207981800.0
Total Greenhouse Gas Emissions,Philippines,2017,226178700.0
Total Greenhouse Gas Emissions,Philippines,2018,232333500.0
Total Greenhouse Gas Emissions,Philippines,2019,240153700.0
Total Greenhouse Gas Emissions,Philippines,2020,229349800.0
Total Greenhouse Gas Emissions,Philippines,2021,240411700.0
Total Greenhouse Gas Emissions,Philippines,2022,244525800.0
Total Greenhouse Gas Emissions,Philippines,2023,256147200.0
Total Greenhouse Gas Emissions,Philippines,2024,0.0
Total Greenhouse Gas Emissions,Philippines,2025,0.0
Total Greenhouse Gas Emissions,Singapore,2016,63880900.0
Total Greenhouse Gas Emissions,Singapore,2017,69103000.0
Total Greenhouse Gas Emissions,Singapore,2018,67090400.0
Total Greenhouse Gas Emissions,Singapore,2019,69581500.0
Total Greenhouse Gas Emissions,Singapore,2020,68069500.0
Total Greenhouse Gas Emissions,Singapore,2021,70868400.0
Total Greenhouse Gas Emissions,Singapore,2022,71847000.0
Total Greenhouse Gas Emissions,Singapore,2023,74290100.0
Total Greenhouse Gas Emissions,Singapore,2024,0.0
Total Greenhouse Gas Emissions,Singapore,2025,0.0
Total Greenhouse Gas Emissions,Thailand,2016,430439800.0
Total Greenhouse Gas Emissions,Thailand,2017,433406500.0
Total Greenhouse Gas Emissions,Thailand,2018,430796200.0
Total Greenhouse Gas Emissions,Thailand,2019,436574700.0
Total Greenhouse Gas Emissions,Thailand,2020,433721200.0
Total Greenhouse Gas Emissions,Thailand,2021,429462900.0
Total Greenhouse Gas Emissions,Thailand,2022,442492300.0
Total Greenhouse Gas Emissions,Thailand,2023,440783000.0
Total Greenhouse Gas Emissions,Thailand,2024,0.0
Total Greenhouse Gas Emissions,Thailand,2025,0.0
Total Greenhouse Gas Emissions,Timor-Leste,2016,2042500.0
Total Greenhouse Gas Emissions,Timor-Leste,2017,2000400.0
Total Greenhouse Gas Emissions,Timor-Leste,2018,1912600.0
Total Greenhouse Gas Emissions,Timor-Leste,2019,2075500.0
Total Greenhouse Gas Emissions,Timor-Leste,2020,1913700.0
Total Greenhouse Gas Emissions,Timor-Leste,2021,1916100.0
Total Greenhouse Gas Emissions,Timor-Leste,2022,2015400.0
Total Greenhouse Gas Emissions,Timor-Leste,2023,2007200.0
Total Greenhouse Gas Emissions,Timor-Leste,2024,0.0
Total Greenhouse Gas Emissions,Timor-Leste,2025,0.0
Total Greenhouse Gas Emissions,Viet Nam,2016,366588800.0
Total Greenhouse Gas Emissions,Viet Nam,2017,373285700.0
Total Greenhouse Gas Emissions,Viet Nam,2018,430684400.0
Total Greenhouse Gas Emissions,Viet Nam,2019,486618000.0
Total Greenhouse Gas Emissions,Viet Nam,2020,497416800.0
Total Greenhouse Gas Emissions,Viet Nam,2021,490552500.0
Total Greenhouse Gas Emissions,Viet Nam,2022,473629900.0
Total Greenhouse Gas Emissions,Viet Nam,2023,524133500.0
Total Greenhouse Gas Emissions,Viet Nam,2024,0.0
Total Greenhouse Gas Emissions,Viet Nam,2025,0.0
Urban Fine Particulate Matter Levels,Brunei Darussalam,2016,7.78
Urban Fine Particulate Matter Levels,Brunei Darussalam,2017,6.89
Urban Fine Particulate Matter Levels,Brunei Darussalam,2018,6.59
Urban Fine Particulate Matter Levels,Brunei Darussalam,2019,6.76
Urban Fine Particulate Matter Levels,Brunei Darussalam,2020,0.0
Urban Fine Particulate Matter Levels,Brunei Darussalam,2021,0.0
Urban Fine Particulate Matter Levels,Brunei Darussalam,2022,0.0
Urban Fine Particulate Matter Levels,Brunei Darussalam,2023,0.0
Urban Fine Particulate Matter Levels,Brunei Darussalam,2024,0.0
Urban Fine Particulate Matter Levels,Brunei Darussalam,2025,0.0
Urban Fine Particulate Matter Levels,Cambodia,2016,19.71
Urban Fine Particulate Matter Levels,Cambodia,2017,17.4
Urban Fine Particulate Matter Levels,Cambodia,2018,17.73
Urban Fine Particulate Matter Levels,Cambodia,2019,18.35
Urban Fine Particulate Matter Levels,Cambodia,2020,0.0
Urban Fine Particulate Matter Levels,Cambodia,2021,0.0
Urban Fine Particulate Matter Levels,Cambodia,2022,0.0
Urban Fine Particulate Matter Levels,Cambodia,2023,0.0
Urban Fine Particulate Matter Levels,Cambodia,2024,0.0
Urban Fine Particulate Matter Levels,Cambodia,2025,0.0
Urban Fine Particulate Matter Levels,Indonesia,2016,21.71
Urban Fine Particulate Matter Levels,Indonesia,2017,19.1
Urban Fine Particulate Matter Levels,Indonesia,2018,19.11
Urban Fine Particulate Matter Levels,Indonesia,2019,19.93
Urban Fine Particulate Matter Levels,Indonesia,2020,0.0
Urban Fine Particulate Matter Levels,Indonesia,2021,0.0
Urban Fine Particulate Matter Levels,Indonesia,2022,0.0
Urban Fine Particulate Matter Levels,Indonesia,2023,0.0
Urban Fine Particulate Matter Levels,Indonesia,2024,0.0
Urban Fine Particulate Matter Levels,Indonesia,2025,0.0
Urban Fine Particulate Matter Levels,Lao People's Democratic Republic,2016,26.23
Urban Fine Particulate Matter Levels,Lao People's Democratic Republic,2017,22.64
Urban Fine Particulate Matter Levels,Lao People's Democratic Republic,2018,22.74
Urban Fine Particulate Matter Levels,Lao People's Democratic Republic,2019,24.19
Urban Fine Particulate Matter Levels,Lao People's Democratic Republic,2020,0.0
Urban Fine Particulate Matter Levels,Lao People's Democratic Republic,2021,0.0
Urban Fine Particulate Matter Levels,Lao People's Democratic Republic,2022,0.0
Urban Fine Particulate Matter Levels,Lao People's Democratic Republic,2023,0.0
Urban Fine Particulate Matter Levels,Lao People's Democratic Republic,2024,0.0
Urban Fine Particulate Matter Levels,Lao People's Democratic Republic,2025,0.0
Urban Fine Particulate Matter Levels,Malaysia,2016,25.27
Urban Fine Particulate Matter Levels,Malaysia,2017,22.49
Urban Fine Particulate Matter Levels,Malaysia,2018,22.61
Urban Fine Particulate Matter Levels,Malaysia,2019,23.74
Urban Fine Particulate Matter Levels,Malaysia,2020,0.0
Urban Fine Particulate Matter Levels,Malaysia,2021,0.0
Urban Fine Particulate Matter Levels,Malaysia,2022,0.0
Urban Fine Particulate Matter Levels,Malaysia,2023,0.0
Urban Fine Particulate Matter Levels,Malaysia,2024,0.0
Urban Fine Particulate Matter Levels,Malaysia,2025,0.0
Urban Fine Particulate Matter Levels,Myanmar,2016,29.86
Urban Fine Particulate Matter Levels,Myanmar,2017,26.56
Urban Fine Particulate Matter Levels,Myanmar,2018,26.67
Urban Fine Particulate Matter Levels,Myanmar,2019,27.75
Urban Fine Particulate Matter Levels,Myanmar,2020,0.0
Urban Fine Particulate Matter Levels,Myanmar,2021,0.0
Urban Fine Particulate Matter Levels,Myanmar,2022,0.0
Urban Fine Particulate Matter Levels,Myanmar,2023,0.0
Urban Fine Particulate Matter Levels,Myanmar,2024,0.0
Urban Fine Particulate Matter Levels,Myanmar,2025,0.0
Urban Fine Particulate Matter Levels,Philippines,2016,25.84
Urban Fine Particulate Matter Levels,Philippines,2017,23.38
Urban Fine Particulate Matter Levels,Philippines,2018,23.17
Urban Fine Particulate Matter Levels,Philippines,2019,24.2
Urban Fine Particulate Matter Levels,Philippines,2020,0.0
Urban Fine Particulate Matter Levels,Philippines,2021,0.0
Urban Fine Particulate Matter Levels,Philippines,2022,0.0
Urban Fine Particulate Matter Levels,Philippines,2023,0.0
Urban Fine Particulate Matter Levels,Philippines,2024,0.0
Urban Fine Particulate Matter Levels,Philippines,2025,0.0
Urban Fine Particulate Matter Levels,Singapore,2016,15.48
Urban Fine Particulate Matter Levels,Singapore,2017,14.23
Urban Fine Particulate Matter Levels,Singapore,2018,13.12
Urban Fine Particulate Matter Levels,Singapore,2019,13.33
Urban Fine Particulate Matter Levels,Singapore,2020,0.0
Urban Fine Particulate Matter Levels,Singapore,2021,0.0
Urban Fine Particulate Matter Levels,Singapore,2022,0.0
Urban Fine Particulate Matter Levels,Singapore,2023,0.0
Urban Fine Particulate Matter Levels,Singapore,2024,0.0
Urban Fine Particulate Matter Levels,Singapore,2025,0.0
Urban Fine Particulate Matter Levels,Thailand,2016,27.2
Urban Fine Particulate Matter Levels,Thailand,2017,24.41
Urban Fine Particulate Matter Levels,Thailand,2018,24.55
Urban Fine Particulate Matter Levels,Thailand,2019,25.48
Urban Fine Particulate Matter Levels,Thailand,2020,0.0
Urban Fine Particulate Matter Levels,Thailand,2021,0.0
Urban Fine Particulate Matter Levels,Thailand,2022,0.0
Urban Fine Particulate Matter Levels,Thailand,2023,0.0
Urban Fine Particulate Matter Levels,Thailand,2024,0.0
Urban Fine Particulate Matter Levels,Thailand,2025,0.0
Urban Fine Particulate Matter Levels,Timor-Leste,2016,22.5
Urban Fine Particulate Matter Levels,Timor-Leste,2017,20.76
Urban Fine Particulate Matter Levels,Timor-Leste,2018,20.94
Urban Fine Particulate Matter Levels,Timor-Leste,2019,21.77
Urban Fine Particulate Matter Levels,Timor-Leste,2020,0.0
Urban Fine Particulate Matter Levels,Timor-Leste,2021,0.0
Urban Fine Particulate Matter Levels,Timor-Leste,2022,0.0
Urban Fine Particulate Matter Levels,Timor-Leste,2023,0.0
Urban Fine Particulate Matter Levels,Timor-Leste,2024,0.0
Urban Fine Particulate Matter Levels,Timor-Leste,2025,0.0
Urban Fine Particulate Matter Levels,Viet Nam,2016,23.64
Urban Fine Particulate Matter Levels,Viet Nam,2017,21.29
Urban Fine Particulate Matter Levels,Viet Nam,2018,21.28
Urban Fine Particulate Matter Levels,Viet Nam,2019,22.12
Urban Fine Particulate Matter Levels,Viet Nam,2020,0.0
Urban Fine Particulate Matter Levels,Viet Nam,2021,0.0
Urban Fine Particulate Matter Levels,Viet Nam,2022,0.0
Urban Fine Particulate Matter Levels,Viet Nam,2023,0.0
Urban Fine Particulate Matter Levels,Viet Nam,2024,0.0
Urban Fine Particulate Matter Levels,Viet Nam,2025,0.0
Urban Population,Brunei Darussalam,2016,76.99
Urban Population,Brunei Darussalam,2017,77.31
Urban Population,Brunei Darussalam,2018,77.63
Urban Population,Brunei Darussalam,2019,77.94
Urban Population,Brunei Darussalam,2020,78.25
Urban Population,Brunei Darussalam,2021,78.55
Urban Population,Brunei Darussalam,2022,78.85
Urban Population,Brunei Darussalam,2023,79.15
Urban Population,Brunei Darussalam,2024,79.44
Urban Population,Brunei Darussalam,2025,0.0
Urban Population,Cambodia,2016,22.58
Urban Population,Cambodia,2017,22.98
Urban Population,Cambodia,2018,23.39
Urban Population,Cambodia,2019,23.8
Urban Population,Cambodia,2020,24.23
Urban Population,Cambodia,2021,24.67
Urban Population,Cambodia,2022,25.11
Urban Population,Cambodia,2023,25.57
Urban Population,Cambodia,2024,26.04
Urban Population,Cambodia,2025,0.0
Urban Population,Indonesia,2016,53.99
Urban Population,Indonesia,2017,54.66
Urban Population,Indonesia,2018,55.32
Urban Population,Indonesia,2019,55.99
Urban Population,Indonesia,2020,56.64
Urban Population,Indonesia,2021,57.29
Urban Population,Indonesia,2022,57.93
Urban Population,Indonesia,2023,58.57
Urban Population,Indonesia,2024,59.2
Urban Population,Indonesia,2025,0.0
Urban Population,Lao People's Democratic Republic,2016,33.74
Urban Population,Lao People's Democratic Republic,2017,34.37
Urban Population,Lao People's Democratic Republic,2018,35.0
Urban Population,Lao People's Democratic Republic,2019,35.65
Urban Population,Lao People's Democratic Republic,2020,36.29
Urban Population,Lao People's Democratic Republic,2021,36.94
Urban Population,Lao People's Democratic Republic,2022,37.59
Urban Population,Lao People's Democratic Republic,2023,38.25
Urban Population,Lao People's Democratic Republic,2024,38.91
Urban Population,Lao People's Democratic Republic,2025,0.0
Urban Population,Malaysia,2016,74.8
Urban Population,Malaysia,2017,75.2
Urban Population,Malaysia,2018,75.6
Urban Population,Malaysia,2019,76.2
Urban Population,Malaysia,2020,75.1
Urban Population,Malaysia,2021,75.3
Urban Population,Malaysia,2022,75.5
Urban Population,Malaysia,2023,75.7
Urban Population,Malaysia,2024,76.0
Urban Population,Malaysia,2025,0.0
Urban Population,Myanmar,2016,30.08
Urban Population,Myanmar,2017,30.32
Urban Population,Myanmar,2018,30.58
Urban Population,Myanmar,2019,30.85
Urban Population,Myanmar,2020,31.14
Urban Population,Myanmar,2021,31.45
Urban Population,Myanmar,2022,31.77
Urban Population,Myanmar,2023,32.11
Urban Population,Myanmar,2024,32.47
Urban Population,Myanmar,2025,0.0
Urban Population,Philippines,2016,46.5
Urban Population,Philippines,2017,46.7
Urban Population,Philippines,2018,46.9
Urban Population,Philippines,2019,47.1
Urban Population,Philippines,2020,47.4
Urban Population,Philippines,2021,47.7
Urban Population,Philippines,2022,48.0
Urban Population,Philippines,2023,48.3
Urban Population,Philippines,2024,48.61
Urban Population,Philippines,2025,0.0
Urban Population,Singapore,2016,100.0
Urban Population,Singapore,2017,100.0
Urban Population,Singapore,2018,100.0
Urban Population,Singapore,2019,100.0
Urban Population,Singapore,2020,100.0
Urban Population,Singapore,2021,100.0
Urban Population,Singapore,2022,100.0
Urban Population,Singapore,2023,100.0
Urban Population,Singapore,2024,100.0
Urban Population,Singapore,2025,0.0
Urban Population,Thailand,2016,49.97
Urban Population,Thailand,2017,50.99
Urban Population,Thailand,2018,52.29
Urban Population,Thailand,2019,53.55
Urban Population,Thailand,2020,54.79
Urban Population,Thailand,2021,55.98
Urban Population,Thailand,2022,57.14
Urban Population,Thailand,2023,58.22
Urban Population,Thailand,2024,59.25
Urban Population,Thailand,2025,0.0
Urban Population,Timor-Leste,2016,29.8
Urban Population,Timor-Leste,2017,30.2
Urban Population,Timor-Leste,2018,30.6
Urban Population,Timor-Leste,2019,30.9
Urban Population,Timor-Leste,2020,31.3
Urban Population,Timor-Leste,2021,31.7
Urban Population,Timor-Leste,2022,32.1
Urban Population,Timor-Leste,2023,32.5
Urban Population,Timor-Leste,2024,32.84
Urban Population,Timor-Leste,2025,0.0
Urban Population,Viet Nam,2016,33.67
Urban Population,Viet Nam,2017,33.86
Urban Population,Viet Nam,2018,34.22
Urban Population,Viet Nam,2019,35.05
Urban Population,Viet Nam,2020,36.82
Urban Population,Viet Nam,2021,37.12
Urban Population,Viet Nam,2022,37.5
Urban Population,Viet Nam,2023,38.1
Urban Population,Viet Nam,2024,38.46
Urban Population,Viet Nam,2025,0.0
